{
    "rmse": 0.6720099752247587,
    "mae": 0.5224887347715975,
    "r2": 0.2513228016676553
}