{
    "rmse": 0.6911702376239509,
    "mae": 0.5296357955750479,
    "r2": 0.27373904849355946
}